Rank,Ordinal Rank,University Name,Overall Score,City,Country,Citations per Paper,Papers per Faculty,Academic Reputation,Faculty Student Ratio,Staff with PhD,International Research Center,International Students,Outbound Exchange,Inbound Exchange,International Faculty,Employer Reputation
1,1,Peking University,100,Beijing,China,96.4,79.8,100,98.6,90.7,98,69.1,100,88.5,83.2,100
2,2,The University of Hong Kong,99.7,Pokfulam,Hong Kong,99.5,55,100,93.3,97.4,98.4,100,100,99.8,100,96.8
3,3,National University of Singapore (NUS),98.9,Singapore,Singapore,99.9,57.4,100,85.8,82.5,99.9,99.2,97.6,93.4,100,99.9
4,4,Nanyang Technological University,98.3,Singapore,Singapore,100,53.8,100,93,67,99.7,98.8,97.9,90.5,100,98.8
5,5,Fudan University,97.2,Shanghai,China,92.1,63.1,99.8,92.5,73.4,92.1,81,94.9,99.5,98.9,99.5
6,6,The Chinese University of Hong Kong (CUHK),96.7,Sha Tin,Hong Kong,99.6,61.5,99.9,84,80.3,96,99.4,96.1,100,100,91.5
7,7,Tsinghua University,96.3,Beijing,China,98.6,80.8,100,99,96.9,97.9,51.7,59.6,15.9,46,100
8,8,Zhejiang University,96,Hangzhou,China,86,96.2,99.3,54.2,95.1,99.9,66.4,100,100,99.7,99.9
9,9,Yonsei University,95.4,Seoul,South Korea,78.2,45.3,99.8,94.8,98.4,97.7,90.9,68.4,100,50.5,100
10,10,City University of Hong Kong (CityUHK),95.3,Kowloon,Hong Kong,99.8,91.4,96.6,97.7,97.7,88.9,100,100,100,100,74
11,11,The Hong Kong University of Science and Technology,95.1,Clear Water Bay,Hong Kong,99.9,77.8,99.7,76.6,94.3,70.6,99.8,100,98.8,100,92.3
12,12,Universiti Malaya (UM),94.8,Kuala Lumpur,Malaysia,67.5,37,99.7,92.1,84.9,99.9,94.2,94.3,99,89.4,99.9
13,13,Korea University,94.5,Seoul,South Korea,89.4,41.8,99.5,87.7,93.7,91.1,85.7,81.4,100,40.6,99.9
14,14,Shanghai Jiao Tong University,93.2,Shanghai,China,76.7,96.3,99.8,79.1,61.9,95.8,67.6,65.9,100,43.2,99.4
15,15,KAIST - Korea Advanced Institute of Science & Technology,92.4,Daejeon,South Korea,89.1,83.1,99.9,79.5,98.3,70.6,45.5,67.3,81.1,51.2,99.7
16,16,Sungkyunkwan University (SKKU),92.1,Suwon,South Korea,80.5,42,96.2,92.9,97.9,80.3,83.6,99.4,100,44.9,96.8
17,17,The Hong Kong Polytechnic University,92,Kowloon,Hong Kong,99.9,60.3,98.2,83.1,64.9,97.8,99.6,90.4,73,100,78.8
18,18,Seoul National University,91.8,Seoul,South Korea,69.3,69,100,94.2,79,95.6,56.4,40.4,78.2,30.5,100
19,19,Hanyang University,89.1,Seoul,South Korea,80,34.3,89.4,91.1,79.7,89,91.6,73.7,97.1,44.8,98.3
20,20,Universiti Putra Malaysia (UPM),89,Serdang,Malaysia,42.7,41.9,96.2,77.5,96.8,98.2,99.7,100,100,70.9,94.3
21,21,The University of Tokyo,88.6,Tokyo,Japan,35.8,72.6,100,97,87.8,99.5,76,37.8,24.9,29.5,100
22,22,Pohang University of Science And Technology (POSTECH),88.1,Pohang ,South Korea,92.3,82.2,91.1,100,98.6,36.5,14,75.5,91.8,60.8,98.3
23,23,Kyoto University,88,Kyoto,Japan,42,55.8,100,98.7,90.4,99.3,62.3,10.5,24.8,42,100
24,24,Nanjing University,86.5,Nanjing,China,97.4,69.1,95.4,61.6,74.3,92,35.6,92,95.8,90.2,73.4
25,25,Tohoku University,86.4,Sendai City,Japan,20.1,51.4,99,99.7,89.3,92.9,46.9,76.6,57,38.5,99
26,26,National Taiwan University (NTU),85.5,Taipei,Taiwan,61.2,52,100,43.1,85.1,94.7,72.4,38.6,73,43.4,99.8
27,26,Universiti Kebangsaan Malaysia (UKM),85.5,Bangi,Malaysia,29.8,35.6,96.7,89.8,91,98.9,97.5,37.1,29.6,79.7,95.7
28,28,Universiti Teknologi Malaysia,84.8,Skudai,Malaysia,47.4,54.4,90.7,66.9,85.6,98.8,99.1,73.7,90.1,38.4,93.4
29,29,Al-Farabi Kazakh National University,84.6,Almaty,Kazakhstan,2,5.3,94.4,99.9,95.5,90.3,90.4,100,98.8,82.3,98.7
30,30,Tokyo Institute of Technology (Tokyo Tech),84.2,Tokyo,Japan,19.1,73.7,99.2,94.7,71.1,87.4,76.8,9,22.2,54.9,99.9
31,31,University of Science and Technology of China,84,Hefei,China,98,77,92.4,99.8,41.3,96.7,26.3,91.9,33.6,33,66.3
32,32,Nagoya University,82.6,Nagoya,Japan,21.7,52.2,97.4,95,89.3,90.4,63.3,11.8,27.9,39.3,95.5
33,32,Osaka University,82.6,Osaka City,Japan,20.4,81.9,99.7,49.3,93.3,92.8,48.9,42.4,46.8,55.6,99.4
34,34,Kyushu University,82,Fukuoka City,Japan,24.2,53.6,95.8,90.5,95.1,93.8,56.6,6.5,6.2,47.2,95.7
35,35,Hokkaido University,81.8,Sapporo,Japan,27.8,49.1,96.1,90.5,87.2,97.4,48.6,6.5,6.2,47.2,94.7
36,36,Taylor's University,81.3,Subang Jaya,Malaysia,95.7,15.1,73.3,98.8,14,62.5,100,100,92.1,91.6,98.5
37,37,Universiti Sains Malaysia (USM),80.8,Gelugor,Malaysia,27.5,44.3,96.9,63.1,54.2,99.6,99.8,40.8,29,56.1,96.6
38,38,Wuhan University,80.5,Wuhan,China,93.7,72.8,85,26.2,88.5,97.5,25.1,91.9,38.6,74,82.8
39,39,National Tsing Hua University - NTHU,78.4,Hsinchu City,Taiwan,44.6,72.7,94.7,46.5,94.4,68.1,51.2,33.3,30.3,28,96.9
40,40,Kyung Hee University,77.5,Seoul,South Korea,72.9,22.3,66.8,93.7,94.4,80.6,91.8,97.5,98.8,38.8,80.1
41,41,National Cheng Kung University (NCKU),77.4,Tainan City,Taiwan,37.6,37.3,93.5,53.1,81.8,85.1,52.8,34.1,13,42.8,97.6
42,42,National Yang Ming Chiao Tung University (NYCU),76.9,Hsinchu City,Taiwan,28.7,74.5,78.7,71.7,96.8,79.7,62.6,48.1,46,48.7,94.5
43,43,Tongji University,76.2,Shanghai,China,79.2,89.8,77.4,47.8,76.1,95.4,72.6,100,98.4,86,54.1
44,44,Indian Institute of Technology Delhi (IITD),75.4,New Delhi,India,26.9,95.2,95,27.2,94.7,89.2,5.3,9.7,2.7,9.1,99
45,45,UCSI University,75.1,Kuala Lumpur,Malaysia,48.4,10.9,72.4,97.6,21,56.3,99.9,100,100,99,94.9
46,46,Universitas Indonesia,74.7,Depok,Indonesia,1.5,17.4,95.2,85.9,10.6,55.5,31.6,100,100,98.8,98
47,47,Chulalongkorn University,73.7,Bangkok,Thailand,31.2,18.5,98.3,51.1,78,98,15.8,28.2,26.2,47.1,79
48,48,Indian Institute of Technology Bombay (IITB),73.1,Mumbai,India,16.9,96.2,96.6,17.9,96.3,78,3.6,6.4,6.9,13.1,99.5
49,48,Keio University,73.1,Tokyo,Japan,18,15.5,93.8,77,3.3,83.8,43.7,30.5,42.9,27.8,99.8
50,48,Sun Yat-sen University,73.1,Guangzhou,China,91.2,42.3,77.4,67.2,93.3,97.3,18.8,5.4,1.2,5.9,70.9
51,51,Waseda University,72.8,Tokyo,Japan,10.7,13.4,96.5,40.4,18.1,91.5,74.3,46.6,36.6,61.2,99.9
52,52,Airlangga University,70.5,Surabaya,Indonesia,1.4,10,85.1,82.4,9.7,60.7,31.9,86.9,93.1,88.2,97.8
53,53,Gadjah Mada University,70.2,Yogyakarta,Indonesia,1.5,10.7,95.1,77.3,8.8,57,14.8,47.4,76.7,75.1,96.7
54,54,Universiti Teknologi PETRONAS (UTP),70.2,Seri Iskandar,Malaysia,49.1,90.2,58.2,66.8,46.2,89.7,64.1,88.6,98.3,98,70.9
55,55,Mahidol University,70.1,Nakhon Pathom,Thailand,19.8,14,88.8,93.3,81.8,83.6,22.2,48.9,76.2,15.1,62.4
56,56,Indian Institute of Technology Madras (IITM),69.6,Chennai,India,16.5,98.1,88.7,30.5,99.9,56.1,6.3,30.5,5.9,11.7,95
57,57,Tianjin University,69.5,Tianjin,China,89.9,92.4,53.3,69.8,56,90.7,69.5,97.6,99.1,56.9,53
58,58,Harbin Institute of Technology,69.3,Harbin,China,78.6,96.9,71.2,45.9,77.4,93,27.5,40.9,4.4,24.1,63.4
59,59,Bandung Institute of Technology (ITB),69.1,Bandung,Indonesia,1.8,19.4,88.5,71,79.8,35.8,18,26.7,56.9,99.6,96.5
60,60,Indian Institute of Technology Kharagpur (IIT-KGP),68.8,Kharagpur,India,36.1,94.8,80.3,14.8,99.9,93.5,2.3,3.8,1.5,1.2,89.5
61,61,Beijing Normal University,68.7,Beijing,China,86.9,78.9,79.8,41.5,92.4,94.3,65.9,38.4,12.8,20.2,40.5
62,62,Indian Institute of Science,68.4,Bangalore,India,28.6,100,92.7,49.8,99.9,58.8,5.2,6.7,8.4,11.1,68.6
63,63,University of Tsukuba,68.3,Tsukuba City,Japan,16.2,44.2,82.6,74.8,88.2,91.9,62.8,16.5,28.1,34.6,63.5
64,64,Beijing Institute of Technology,68,Beijing,China,77.1,70.2,65,64.2,64,93,32.5,51.2,15.6,17.7,65.6
65,65,L.N. Gumilyov Eurasian National University (ENU),67.5,Astana,Kazakhstan,2.2,5,86.5,94.8,54.2,29.4,35.3,28,31.1,93.3,94.8
66,66,National Taiwan University of Science and Technology (Taiwan Tech),67.3,Taipei City,Taiwan,55.4,41.2,71.9,64.3,58.2,42.4,71.4,43.5,78.7,48.9,80.7
67,67,Indian Institute of Technology Kanpur (IITK),66.7,Kanpur,India,22.7,91.1,83.7,26.2,99.9,58.2,2,5.6,5.8,7.1,92.7
68,67,National University of Sciences & Technology (NUST) Islamabad,66.7,Islamabad,Pakistan,56.4,29.8,60.1,83.8,12.7,95.7,21.1,13.6,3.3,13,97
69,67,Huazhong University of Science and Technology,66.3,Wuhan,China,96.1,94.6,59.9,15.1,81.5,97.9,14,38.6,17.6,16,71.1
70,70,Ewha Womans University,66.1,Seoul,South Korea,60,13.6,65.4,90.6,95.3,45.1,68.6,90.7,92.8,21.3,61.6
71,71,Hong Kong Baptist University,65.3,Kowloon,Hong Kong,96.9,44.7,55.6,80,52.1,55.2,100,97,86.7,100,43.7
72,72,Xi’an Jiaotong University,64.5,Xi'an,China,71.2,83.1,57.2,24.1,71.6,98.2,19.8,27.2,7.8,11.7,82
73,73,Chung-Ang University (CAU),64.4,Seoul,South Korea,52,18.4,53.3,85.1,91.6,42.5,83.1,94.5,92.3,38.5,75.2
74,74,Sunway University,62.9,Petaling Jaya,Malaysia,77.9,28.7,48.9,71.9,14.9,76.5,75.9,15.9,35.6,70.6,81.8
75,75,Shandong University,62.8,Jinan,China,69.6,82.8,52.1,30.5,71.5,89.8,16.2,26.5,35.4,24.7,78.7
76,76,Kobe University,62.7,Kobe City,Japan,12.9,34.7,73,59.8,76.3,81.1,28.3,13.6,36,21.3,76.5
77,76,Xiamen University,62.7,Xiamen,China,95.4,53.3,65.7,34,57.1,88.6,16.4,27.6,84.5,15.7,49.9
78,78,Universiti Brunei Darussalam (UBD),62.3,Bandar Seri Begawan,Brunei,26.4,30.8,59.6,98.1,94.3,52.4,90.6,100,100,100,42.9
79,79,National Taiwan Normal University,62.2,Taipei City,Taiwan,26.4,14.6,80.6,81.5,65.5,30.2,71,60.4,68.7,39.1,60.5
80,79,Universiti Utara Malaysia (UUM),62.2,Sintok,Malaysia,38.1,21.6,63,59.3,83.3,50.1,98.5,60.8,99.1,48.4,67.6
81,81,Pusan National University,61.9,Busan,South Korea,36,36.9,58.9,79.8,93.4,84.1,52.4,40.7,74.8,30.4,53.4
82,81,University of Delhi,61.9,New Delhi,India,13.3,60.9,84.6,9.5,71.1,96.4,5.5,1.1,1.7,2.4,78.4
83,83,National Sun Yat-sen University,61.7,Kaohsiung City,Taiwan,24.2,46.1,70.3,51.4,96,52.8,45.4,61.7,46.2,53.8,66.9
84,84,Quaid-i-Azam University,61.3,Islamabad,Pakistan,82.7,82.6,54,9.5,51.7,90.5,8.2,14.8,3.4,21.4,84.3
85,84,Shanghai University,61.3,Shanghai,China,69,37.8,59.8,71.4,84.2,85,27.1,32.7,3.3,75.6,46.1
86,86,University of the Philippines,60.6,Quezon City,Philippines,6.4,6.3,83,47.9,1,87.1,2.1,3.3,2.2,3.4,94.4
87,87,University of Tehran,60.5,Tehran,Iran,70.5,78,61,5.7,62.7,99.4,8.9,1.3,2,5,75.5
88,88,Ulsan National Institute of Science and Technology (UNIST),59.9,Ulsan,South Korea,99.7,71.2,45.2,98.8,99.8,33.1,42.2,10.7,12.6,63,47.1
89,89,Satbayev University,59.8,Almaty,Kazakhstan,1.5,4.7,81.8,98.7,17.2,15.8,53.8,7.7,8.9,92.5,82.6
90,90,Jilin University,59.6,Changchun,China,78.3,32.4,41.2,57.8,41.9,88.3,9.8,24.9,1,33,86.8
91,91,National Taipei University of Technology,59.5,Taipei City,Taiwan,42.5,57.6,45.6,41.6,99.9,26.7,64.8,65.9,83.5,49,91.4
92,92,IPB University (aka Bogor Agricultural University),58.6,Bogor,Indonesia,1.4,10.2,67.2,94.3,50.6,22.7,18.9,29.4,63.4,85.2,83.3
93,92,Sogang University,58.6,Seoul,South Korea,44.6,11.6,57.4,76.6,52.3,13.8,63.3,45.1,89,21.5,86.3
94,94,Sichuan University,58.5,Chengdu,China,76,95.1,59.9,20,67.8,94.6,25.4,4.6,5.6,21.7,49.8
95,95,Daegu Gyeongbuk Institute of Science and Technology (DGIST),57.9,Daegu,South Korea,87.6,96.6,36.7,94.7,98.4,11.6,17.5,99.7,42.8,20.3,56.4
96,96,Hiroshima University,57.7,Higashihiroshima City,Japan,9.7,31.1,66.4,90.4,68.5,93.9,50.6,8.4,8.1,36.4,44.5
97,97,Sharif University of Technology,57.5,Tehran,Iran,71,99.1,40.4,8.6,99.9,87.6,3.2,1.4,2.5,8.4,82.1
98,98,Nankai University,57.2,Tianjin,China,99.8,49.2,56.1,43,93.2,76.5,13.7,22.3,2,34.5,38
99,99,University of Macau,56.8,Macau,Macau SAR,97.4,84.6,40.8,15.7,89.1,83.3,100,33,23.8,100,39.8
100,100,Sejong University,56.7,Seoul,South Korea,99.1,52.4,38.7,22.5,74.6,89.9,76.5,34.3,39.7,55.4,52.6
101,101,Kyungpook National University,56.6,Daegu,South Korea,40.1,36.7,38.4,84.5,91.8,77.6,66.3,45.5,88.3,31.8,53.7
102,101,Universiti Teknologi MARA - UiTM,56.6,Shah Alam,Malaysia,3.3,13.6,76,36.6,11.5,93.1,10,5,15.5,3.6,82.8
103,103,Renmin (People's) University of China,56.5,Beijing,China,71.5,14,58.6,30,87.2,32.2,12.1,53.6,15.5,20.1,80.3
104,104,Indian Institute of Technology Guwahati (IITG),56.2,Guwahati,India,33.8,98.9,58,11.5,99.2,76.6,2.7,6.5,1.8,6,72
105,105,Gwangju Institute of Science and Technology (GIST),55.9,Gwangju,South Korea,75.8,99.8,48.3,59,99.9,37.2,39.6,96.8,24.1,47,35.9
106,106,University of Chinese Academy of Sciences (UCAS),55.8,Beijing,China,88.1,100,60.7,7.1,97.5,100,10,1.3,1,59.3,22.7
107,107,Southern University of Science and Technology (SUSTech),55.6,Shenzhen,China,98.8,86,32.8,94.2,96.5,72.7,4.7,61.4,99.5,72.3,11.4
108,108,Chiang Mai University,55.3,Chiang Mai,Thailand,11.6,14.9,80.8,31.5,55.4,88.5,22.1,1.5,28.4,14.8,54.5
109,109,Indian Institute of Technology Roorkee (IITR),55.3,Roorkee,India,31.9,97.4,58.8,13.5,99.3,67.1,8.9,9.7,4.9,2.2,70.3
110,110,Jawaharlal Nehru University,55.2,New Delhi,India,38.7,47.9,76.8,19.6,99.5,71.5,4,1.7,3.2,null,49
111,111,East China Normal University,54.6,Shanghai,China,90.8,52,44.3,29.7,83.3,95,45.5,74.5,99.1,55.9,21.6
112,112,National Central University,54,Taoyuan City,Taiwan,18.5,37.2,62,39.6,85.5,43.5,43.3,25.9,23.6,32.9,71
113,112,University of Dhaka,54,Dhaka,Bangladesh,51.4,9.8,65.4,14.6,2.6,77.6,1.4,2.8,6.6,4.2,86.4
114,114,Institut Teknologi Sepuluh Nopember (ITS Surabaya),53.2,Surabaya,Indonesia,1.5,8.2,56.8,85.8,1,11.2,27.2,88.7,92.1,81.1,84.6
115,115,Lahore University of Management Sciences (LUMS),53.1,Lahore,Pakistan,58.6,21,53.4,45.4,12.1,23.5,7.5,15.7,1.6,34.3,97.4
116,116,Inha University,52.9,Incheon,South Korea,64.2,18.9,42.2,93.6,41.2,31.5,52.3,97,93.6,28.4,49
117,117,Dongguk University,52.7,Seoul,South Korea,90.2,14.2,29.7,94.5,62.1,54.3,69.3,72.6,85.8,26.7,40
118,117,Jeonbuk National University,52.7,Jeonju,South Korea,61.7,18.8,49.8,80.3,60.8,52.2,32.9,77.7,41,23.5,41.4
119,119,Chandigarh University,52.5,Mohali,India,3.6,6,54.2,52.9,3,55.9,54.4,32.8,28.8,72.4,90.5
120,119,National Chung Hsing University,52.5,Taichung City,Taiwan,22.9,29.2,61.3,42.9,90.1,46.7,35.7,17,13.9,26.2,64.2
121,121,Taipei Medical University (TMU),52.3,Taipei,Taiwan,39.7,34.8,37,97.4,94.1,29.6,52.2,100,100,42.2,45
122,122,National Chengchi University,52.2,Taipei City,Taiwan,8.1,7.1,59.3,31.2,79.4,13.1,66.6,85.8,68.7,59.3,80.7
123,123,Ajou University,52,Suwon,South Korea,61.8,27.7,45.3,85.9,67.8,22.2,65.6,27.2,72.9,27.3,50.5
124,124,HUFS - Hankuk (Korea) University of Foreign Studies,52,Seoul,South Korea,25.2,3.3,39.5,93.3,80.7,12.1,89.3,100,100,66.4,61.6
125,125,Beihang University (former BUAA),51.6,Beijing,China,64.5,76.9,41.1,71.2,66.5,76.7,23.2,37.8,24.2,21.3,32.4
126,126,Duy Tan University,50.9,Da Nang,Vietnam,100,37.2,38.3,7.8,1.8,98.9,4.7,9.6,7.6,72.5,64.1
127,127,Thammasat University,50.8,Bangkok,Thailand,5.7,7.8,67.3,44.6,59.3,61.8,7,41.4,32.5,26.9,58.6
128,128,COMSATS University Islamabad,50.6,Islamabad,Pakistan,74.9,33.7,40.2,25.3,4.2,99.6,4.6,1.5,1.1,3.1,73.7
129,128,Management and Science University,50.6,Shah Alam,Malaysia,6.7,7.6,52.5,68.2,14.4,11.4,100,100,99.6,99.9,67.5
130,130,Abai Kazakh National Pedagogical University (Abai University),50.2,Almaty,Kazakhstan,1.3,2.5,77.1,79.7,4.6,2.5,19.5,45.1,21,72.7,63.9
131,130,Universiti Tunku Abdul Rahman (UTAR),50.2,Kampar,Malaysia,52,14.2,46,27.6,13.2,68.7,23.8,38.3,52.5,35.4,74.1
132,132,International Islamic University Malaysia (IIUM),50,Kuala Lumpur,Malaysia,4.2,14,67.1,25.3,16.5,88.5,93.3,6.5,8.6,53.9,54.3
133,133,Diponegoro University,49.8,Semarang,Indonesia,1.2,9,60.8,54.9,1.3,37.9,15.8,48.9,47.2,61.2,78.8
134,133,Southeast University,49.8,Nanjing,China,60.2,81,44.7,36.7,62.5,93.4,18.1,42.4,17.6,38.9,28.3
135,133,Universitas Padjadjaran (UNPAD),49.8,Bandung,Indonesia,1.4,7.1,59.9,76.1,4.5,23.6,10.8,34.2,36.9,69.5,78.6
136,133,Universiti Teknologi Brunei,49.8,Bandar Seri Begawan,Brunei,53.4,20.8,49.8,96.7,63.5,17.2,29.2,97.1,10.5,100,31.9
137,137,Auezov South Kazakhstan University (SKU),49.5,Shymkent,Kazakhstan,1.1,2,65.8,97.1,6.9,2.4,57.5,48.3,16.2,35.9,68.8
138,137,University of the Punjab,49.5,Lahore,Pakistan,30.7,30,50,7.9,5.3,88.3,3.4,3.2,1.9,9.5,90.2
139,139,Konkuk University,49.1,Seoul,South Korea,71.1,29.2,27.8,80.7,64.6,70.7,55.3,75.9,65.7,28,33.2
140,139,Singapore Management University,49.1,Singapore,Singapore,84.1,23.5,41.5,19.8,27.7,25.7,93.9,100,100,100,48.7
141,141,Krirk University,48.9,Bangkok,Thailand,1.3,1.8,43.1,65.6,54.8,1.7,100,80,16.6,100,86.7
142,142,Ateneo de Manila University,49,Quezon City,Philippines,5.8,7.3,64.2,41.7,1.8,29.7,12.5,14.4,15.1,8.4,93.6
143,143,Hitotsubashi University,48.8,Kunitachi City,Japan,4.2,8.3,47,50,33.5,5.5,63.9,45.6,67,49.1,97.4
144,144,Amirkabir University of Technology,48.2,Tehran,Iran,54.9,99.8,20.6,9.1,99.1,94,14.4,2.9,1.4,56.6,64.4
145,144,Ritsumeikan University,48.2,Kyoto,Japan,9.5,10.8,53.1,15.4,31,44.4,41.9,15.3,14.4,61.9,91.9
146,146,Universiti Tenaga Nasional (UNITEN),48,Kajang,Malaysia,45.7,32.7,29.4,93,11.8,48,92.7,92.4,98,45.8,42.7
147,147,South China University of Technology,47.8,Guangzhou,China,97.2,78.9,41.1,35.5,29.8,76.7,24,26.7,6.2,31,26.9
148,148,UPES,47.5,Dehradun,India,10.1,17,72.8,60.1,6.7,83.2,2.5,10.4,2.4,46.2,30.5
149,149,Kazakh National Agrarian Research University (KazNARU),47.4,Almaty,Kazakhstan,1.3,3,63.6,99.3,27.6,4.5,67.7,17.3,30.7,48.6,53.2
150,150,Vellore Institute of Technology (VIT),46.4,Vellore,India,21.7,42.9,45.1,16.5,80.9,97.1,15.2,2.9,2,26.4,52.4
151,151,Iran University of Science and Technology,46.1,Tehran,Iran,64,98.2,28.9,5.1,98.3,79.3,5.4,2.8,1.5,33.9,50.9
152,152,China Medical University,45.4,Taichung,Taiwan,64.5,96.4,25.6,40.9,65.5,96.5,34.2,63.6,57.7,12.8,18.9
153,152,Dalian University of Technology,45.5,Dalian,China,71.8,81.4,34.2,32.6,87.9,82.1,15.2,58,18.3,32.7,17.8
154,154,Singapore University of Technology and Design,45.4,Singapore,Singapore,99.9,37.3,27.4,99.9,null,44.9,null,97.9,89.4,null,23.6
155,154,University of Science and Technology Beijing,45.4,Beijing,China,74.1,96.5,40.2,19.8,67.6,83.1,14.4,50.7,11.1,9.2,19.5
156,154,Kasetsart University,45.3,Bangkok,Thailand,10.2,8.3,68.3,12.9,12.2,77.4,3.3,10.5,8.1,13,57.3
157,154,North South University,45.3,Dhaka,Bangladesh,60.6,9.1,44.4,13.4,6.6,32.5,2.3,33.8,3.2,23.9,87.9
158,154,Shenzhen University,45.3,Shenzhen,China,96.9,69.9,28.4,43.7,87.7,90.7,4.6,5.5,12.1,31.6,14.9
159,159,Bangladesh University of Engineering and Technology,45.1,Dhaka,Bangladesh,28.3,40.9,52.7,22.8,27.7,33.6,1.3,1.2,1,null,79.7
160,160,Tashkent Institute of Irrigation and Agricultural Mechanization Engineers (TIIAME)-National Research University,44.9,Tashkent,Uzbekistan,5.4,9.7,52.2,86.2,47.7,6.7,21.3,43.9,62.3,51.4,53.3
161,160,Universiti Malaysia Pahang Al-Sultan Abdullah (UMPSA),44.9,Kuantan,Malaysia,41.3,56.4,37.5,29.1,94.7,80.8,38.9,55.4,44.5,52.8,23.8
162,162,Vietnam National University,44.8,Hanoi,Vietnam,36,5.7,49.9,12.6,26.5,87.2,2.5,19.3,30.8,16.9,57.3
163,163,Hunan University,44.5,Changsha,China,100,52,29,30.3,45.9,70.3,7.8,28.8,12.7,14.2,39.5
164,164,De La Salle University,44.4,Manila,Philippines,4.5,15.4,64.4,13.9,1.6,28.2,7.5,5.4,5.3,3.7,88.2
165,164,University of Engineering & Technology (UET) Lahore,44.4,Lahore,Pakistan,44.5,18.7,35.4,33.6,1.4,62.8,9.6,1.9,1.3,1.4,84.8
166,166,Universiti Pendidikan Sultan Idris (UPSI),44,Tanjong Malim,Malaysia,6.2,12.8,43.8,48.7,97.5,26.3,77.1,98.8,100,51.5,38.4
167,167,University of Seoul,43.9,Seoul,South Korea,55.9,17.1,38,56.9,79.2,31.6,33.2,50.4,73.2,16.9,37.8
168,168,Karaganda Buketov University,43.8,Karaganda,Kazakhstan,1.4,2.3,53,76.2,1.2,5.5,26.7,96.3,52.2,36.4,63.7
169,169,Central South University,43.5,Changsha,China,87.2,95.1,31,10.9,66.9,92.3,21,34,3.5,19.7,18.9
170,169,Shoolini University of Biotechnology and Management Sciences,43.5,Solan,India,99.8,42.1,28.5,17.4,29,67.7,6.8,14,2.7,63.6,46.7
171,171,INTI International University,43.4,Nilai,Malaysia,3.9,6.3,34.8,79.7,19.6,4.9,99.6,100,100,99.2,57.6
172,172,Birla Institute of Technology and Science,43.2,Pilani,India,28,43.8,40.2,17.7,98,56.3,12.3,25.2,1.2,5.7,56.9
173,173,Universitas Brawijaya,43,Malang,Indonesia,1.3,7.5,60.2,22.9,1.3,23.6,4.9,20.8,32.7,37.5,79.8
174,174,Northwestern Polytechnical University,42.8,Xi'an,China,76.6,59.8,22.2,65.6,71.3,79.3,26.6,49.6,1.8,43.5,15.2
175,174,Savitribai Phule Pune University,42.8,Pune,India,7.4,82.1,32,69.5,36.8,66.8,12.5,1,1.1,2.5,55.7
176,174,Chiba University,42.6,Chiba City,Japan,11.5,29.4,52,83.9,35.7,40.7,22.5,5.5,26.5,22.7,34.3
177,174,Tokyo University of Science,42.6,Kagurazaka,Japan,7.6,37.2,36.4,18.4,80.4,24.8,19.2,1.9,4.3,35,89.6
178,178,Anna University,42.5,Chennai,India,10.7,100,38,11,76.2,99.7,4,1.6,1.1,null,43.2
179,179,Tokyo Medical and Dental University (TMDU),42.5,Tokyo,Japan,24.3,39.4,40.3,100,87.7,27.7,51.7,12.8,8.2,6.4,28
180,180,University of Calcutta,42.4,Kolkata,India,8,62.6,53.1,10.9,95.7,82.3,2,3.8,1.1,56.8,27.9
181,181,Zhengzhou University,42.2,Zhengzhou,China,96.6,54.9,20.7,9.9,11.5,82.6,11.6,1.3,1,null,60.4
182,182,University of Santo Tomas,42,Manila,Philippines,5.1,2.7,43.3,20.9,1.2,21.1,29.3,99.8,79.9,69.6,79.4
183,183,The University of Lahore,41.9,Lahore,Pakistan,44,13.1,40.2,22.1,1.1,87.6,15.4,1,1.1,12.2,58.6
184,184,Amity University,41.8,Noida,India,8.6,34.3,37.3,20.6,66.6,87.7,65.6,99.9,15.4,11.2,38.8
185,185,Viet Nam National University Ho Chi Minh City (VNU-HCM),41.7,Ho Chi Minh City,Vietnam,11.6,7.1,57.8,8.5,1.8,69.1,1.9,1.7,2.5,12.7,66.5
186,186,Lincoln University College,41.6,Petaling Jaya,Malaysia,4.2,3.9,31.5,76.8,75.6,2.3,100,100,100,99.9,42.7
187,187,Khon Kaen University,41.5,Khon Kaen,Thailand,9.8,16.6,53.4,14.7,70.9,76.2,11.5,18.9,21.5,16.5,40.4
188,188,Chongqing University,41.4,Chongqing,China,78.7,74,28,23.2,60.3,86,10,14.5,2.9,51.6,21.2
189,189,Jamia Millia Islamia,41.3,New Delhi,India,72.7,37.6,35.3,53.4,81.8,65,25.5,10.4,16.4,9.3,14.3
190,190,Lingnan University,41.3,Tuen Mun,Hong Kong,51.1,20.1,35,18.5,90.9,16.8,100,98.3,90.7,100,28.2
191,191,National Chung Cheng University,41.2,Minxiong Township,Taiwan,13.1,16.4,42.2,23.7,74.8,26.9,18.6,36.6,48.3,14.6,66.9
192,192,Asia Pacific University of Technology and Innovation (APU) Malaysia,41,Kuala Lumpur,Malaysia,5.7,6.1,38.5,78.5,1.2,4.7,100,99.9,100,99.3,44.8
193,192,China Agricultural University,41,Beijing,China,79.6,89.1,30.6,30,81.4,77.9,5.8,14.2,1.4,10.8,12.3
194,194,Tokyo University of Agriculture and Technology,40.9,Tokyo,Japan,7.9,75.9,45.6,24.5,93.2,61,34.1,14.7,13,16.5,31
195,195,Chungnam National University,40.8,Daejeon,South Korea,19.4,29.1,32.3,67.1,73.6,47.6,40.9,44.5,89.3,21.9,32.3
196,195,Khoja Akhmet Yassawi International Kazakh-Turkish University,40.8,Turkestan,Kazakhstan,1.4,3.4,57.1,62.9,2,1.9,57.6,13.2,3.3,21.7,65.8
197,195,Universiti Malaysia Terengganu (UMT),40.6,Kuala Terengganu,Malaysia,27.2,42,36.6,25.6,80,75.4,43.5,68.2,78.8,31.8,19.7
198,198,Isfahan University of Technology,40.4,Isfahan,Iran,66.9,87.3,19.6,10.2,66.9,65.7,4.7,3.9,1.1,6.1,54.4
199,198,Manipal Academy of Higher Education,40.4,Manipal,India,8.3,19.1,38.8,63.6,49.5,87.4,36.1,12.2,7.5,4.4,33.6
200,200,Ton Duc Thang University,40.3,Ho Chi Minh City,Vietnam,100,45.7,19.6,10.1,1.1,99.8,4.8,59.4,75.7,27.1,28.3
201,201,Chonnam National University,40,Gwangju,South Korea,50,23.3,34,66.2,83.2,40,34.7,44.1,29,26.8,21.3
202,201,Jinan University (China),40,Guangzhou,China,91.3,45.7,20.3,17.6,61.3,78.6,99,43.9,30.5,68.7,12.7
203,203,University of Agriculture,39.6,Faisalabad,Pakistan,87.4,56.9,24,2.6,25.8,91.8,1.8,1.7,1.1,7,42.9
204,204,Banaras Hindu University,39.5,Varanasi,India,22.5,25.2,45.8,22.6,73.5,82.7,6.7,2.3,1.8,1.8,32.9
205,205,Bina Nusantara University (BINUS),39.2,Jakarta,Indonesia,1.3,25.9,44.2,35.3,2.8,9.4,22.6,100,96.9,69.3,57.8
206,206,University of Peshawar,38.8,Peshawar,Pakistan,66.3,10.2,25.9,84,null,64.9,4.6,1,1.1,null,38.5
207,207,Prince of Songkla University,38.6,Hat Yai,Thailand,14.5,10.9,62.2,30.1,38.9,60.8,8.1,4.8,3.3,16.2,24.9
208,208,Multimedia University (MMU),38.4,Cyberjaya,Malaysia,11.9,16.3,41.5,21,20.5,23.6,73.7,49.3,100,62,51.1
209,208,Osaka Metropolitan University,38.4,Osaka,Japan,8.5,24.7,41.8,71.9,35.5,41.4,16.3,2.5,5.8,14.1,42.8
210,210,Shiraz University,37.8,Shiraz,Iran,49.3,69.8,26.1,9.2,95.4,80.3,10.7,2,1.6,1.6,31.5
211,211,Kanazawa University,37.6,Kanazawa,Japan,17.3,33.4,36.7,75.2,80.3,46.2,28.9,13,24.2,24.5,18.2
212,212,Jadavpur University,37.1,Kolkata,India,14.7,75.8,54.9,16.2,52.5,47.3,1.3,1.6,3.5,null,26
213,213,Sophia University,37,Tokyo,Japan,5.7,5.9,42.7,38.2,5.2,6.7,45.4,54.1,57.2,69.1,59.4
214,213,The Education University of Hong Kong,37,Tai Po,Hong Kong,97,18.5,22.5,99.3,null,42.6,null,22.9,9.9,null,17.8
215,215,Lanzhou University,36.9,Lanzhou,China,75.2,34.6,29.6,56.3,5.6,89.8,5.4,6.8,3.6,6.3,11.5
216,216,East China University of Science and Technology,36.8,Shanghai,China,88.1,57.7,25.8,22.6,81.9,59.6,7.2,16.1,1.6,6.9,15.7
217,217,Symbiosis International (Deemed University),36.7,Pune,India,7.7,6.2,21,43.3,27,18.6,27.9,23.9,41.9,39.8,86.8
218,218,University of Electronic Science and Technology of China,36.5,Chengdu,China,68,96.9,20.4,16.2,2.2,95.6,12.3,69.2,1.3,9.3,20.5
219,219,Ferdowsi University of Mashhad,36.3,Mashhad,Iran,30.5,50.2,26.7,6.8,92.5,94.8,34.2,1.2,1.1,2.3,29.7
220,219,Jiangsu University,36.3,Zhenjiang,China,90.4,29,11.8,86.4,8.5,91.8,28.3,18.9,1.7,13.8,7
221,221,Soochow University,36.2,Suzhou,China,99.2,40.5,24.7,29.3,25.9,71.5,12.7,34.6,11.2,19.2,12.3
222,222,Bharathiar University,36.1,Coimbatore,India,27.6,99.8,18.7,89.5,93.5,54.1,2.8,15.8,38.4,null,6.4
223,222,SRM Institute of Science and Technology,36.1,Chennai,India,11.2,15.6,35.3,26.5,11.1,82.5,6,10.4,6.2,3.1,52.4
224,222,Universitas Sebelas Maret,36.1,Surakarta,Indonesia,1.3,9.4,47,41.2,10.1,15.6,14.2,79.6,46.6,44.2,47.9
225,225,King Mongkut's University of Technology Thonburi,35.9,Bangkok,Thailand,33.7,20.1,43.9,25.2,44,55.1,16.8,4.5,13.5,27.8,27.5
226,226,University of Tabriz,35.7,Tabriz,Iran,82.6,86.6,22.9,4.7,null,94.9,23.9,1.2,1.5,3.5,22.5
227,227,China University of Geosciences,35.6,Wuhan,China,70.2,42,19.7,73.9,5.1,92,13.9,36.7,11.8,3.1,5.1
228,227,Lovely Professional University (LPU),35.6,Chaheru,India,28.9,13.1,29.7,22,5.2,79.7,19.7,25.4,26.4,26.3,46.4
229,229,Macau University of Science and Technology,35.6,Macau,Macau SAR,96.3,42.2,17.3,6.9,73.3,35.6,100,19.8,42.8,100,15.7
230,230,Universiti Malaysia Sarawak (UNIMAS),35.6,Kuching,Malaysia,6.8,15,44.1,26.6,19.5,40.7,44.5,59.9,67.5,69.5,30.7
231,231,Beijing University of Technology,35.3,Beijing,China,39.4,54,28.4,58.6,64.4,46.2,7.6,8.8,8.8,14.4,22.4
232,231,Kazakh-British Technical University,35.3,Almaty,Kazakhstan,2.9,7.6,46.9,27.6,2,13.9,12.2,19.4,1.8,18.5,69.8
233,231,Kyrgyz-Turkish Manas University,35.3,Bishkek,Kyrgystan,3.6,7.6,53.5,20.7,38.5,5.1,63.4,10.8,9.2,99.2,42.2
234,231,Okayama University,35.3,Okayama City,Japan,10.5,26.8,32.1,80.3,26.5,78.3,31,5.1,9.3,18.7,17.4
235,235,Shahid Beheshti University (SBU),35.2,Tehran,Iran,25.9,58.7,29.8,8.2,2.9,90.3,6.5,7.2,100,3.3,33.9
236,236,Pakistan Institute of Engineering and Applied Sciences (PIEAS),34.9,Islamabad,Pakistan,63.2,53.6,24.4,65.3,36.1,15.3,1.4,4.6,1.1,null,37.5
237,237,Nagasaki University,34.8,Nagasaki City,Japan,12.3,21.2,25.7,93.2,63,74,24.4,14.7,14.7,17.8,10.6
238,237,Nanjing University of Science and Technology,34.8,Nanjing,China,59.8,87.1,21.9,16.9,82,58.1,14.6,62.7,25.7,15.7,11.7
239,237,Universitas Hasanuddin,34.8,Makassar,Indonesia,1.2,5.2,50.3,62.5,3.6,17.3,4.7,8,10.1,26.2,44.7
240,240,University of Hyderabad,34.7,Hyderabad,India,27.1,66.1,44.1,27,97.6,37.3,9.2,1,1.1,4.6,13.8
241,241,Chang Gung University,34.6,Taoyuan City,Taiwan,38,60.1,23.7,87.7,40.3,38.5,23.4,2.9,2,15.7,20
242,241,Tokyo Metropolitan University,34.6,Tokyo,Japan,24.6,28.4,43.1,56.3,9.1,41.8,23.4,9.9,9.4,22.1,24.5
243,243,National University of Uzbekistan named after Mirzo Ulugbek,34.5,Tashkent,Uzbekistan,1.4,5.3,57.8,18.7,15.8,10.9,12.6,18.2,18.8,87.1,43.2
244,244,International Islamic University,34.3,Islamabad,Pakistan,71.7,14.1,26.1,6.9,3.4,75.4,30.2,2,1.1,12.8,40.5
245,244,Universiti Malaysia Sabah (UMS),34.3,Kota Kinabalu,Malaysia,4.6,19.8,47.6,16.9,35.3,39.3,24.5,14,56.2,29.6,35.6
246,246,Beijing Jiaotong University,34.2,Beijing,China,20,45,34.4,39,37,41.1,42.2,97.4,10.5,10.9,24
247,246,Nanjing University of Aeronautics and Astronautics,34.2,Nanjing,China,29.2,79.3,21.3,36.2,63.3,59.8,23.1,99.6,22.7,16.3,15.9
248,246,University of Mumbai,34.2,Mumbai,India,3.8,90.6,32.6,14.2,34.6,21.3,9.1,1,1.1,4.8,64.1
249,249,Asia University Taiwan,33.7,Taichung City,Taiwan,79.6,65.8,22.4,7.1,49.5,83.5,16.9,14.8,7.8,28.8,7.5
250,249,Nanjing Normal University,33.7,Nanjing,China,97.7,26.6,19.4,29.1,42.7,79.2,21.9,30.5,1.8,null,7.8
251,249,Universiti Tun Hussein Onn  Malaysia (UTHM),33.7,Batu Pahat,Malaysia,5.5,37.8,36,19.3,61.8,66.2,31.9,9.8,37.7,19.5,27.1
252,249,University of Ulsan,33.7,Ulsan,South Korea,63.7,42.2,19.6,79.3,72.9,40.5,11.7,4.9,5.1,5.1,10.4
253,249,Wuhan University of Technology,33.7,Wuhan,China,84.7,27.6,25.9,33.7,16,76.4,12.3,13.3,3.1,9.6,11.7
254,254,BRAC University,33.6,Dhaka,Bangladesh,15.2,5.9,39.9,17.1,1,26.8,4.8,2.6,1.6,5.1,70.6
255,255,Indian Institute of Technology Indore,33.5,Indore,India,42.4,96.7,23.3,42.3,83.2,30.9,2.2,10.7,3.5,5.3,22.5
256,255,Kumamoto University,33.5,Kumamoto City,Japan,27,29.7,26.5,75.3,66.9,51.9,18.2,3.8,26.9,21.8,13.2
257,255,Yokohama National University,33.5,Yokohama City,Japan,5,29.4,33.2,32.9,18.2,36.3,36.4,6.3,14.1,29.5,53.1
258,258,Kalinga Institute of Industrial Technology (KIIT) University,33.4,Bhubaneswar,India,8.3,9.1,15.3,65.4,77.7,71.5,47.5,26.1,72,36.2,22.3
259,258,Yeungnam University,33.4,Gyeongsan,South Korea,82,30.8,15.3,25.3,61.2,66.4,35.4,9.9,12.8,68.8,13.5
260,260,Northwest Agriculture and Forestry University,33.2,Yangling,China,87.6,41.1,17.8,47.1,23.5,85.2,4.5,9.7,2.5,8.3,5.4
261,261,American University of Central Asia,32.6,Bishkek,Kyrgystan,6.1,4.2,30.2,85.3,2.9,2.7,99.9,52.1,40.8,71.3,31.4
262,261,Osh State University,32.8,Osh,Kyrgystan,1,1.2,54,24.6,1.1,1.1,97.9,15.8,3.5,8.7,48.8
263,263,China University of Mining and Technology,32.4,Xuzhou,China,59.3,71.6,14,48.5,41.3,78.1,9,18.3,38.3,6.4,6.6
264,263,Thapar Institute of Engineering & Technology,32.4,Patiala,India,82.8,48,19.6,20.2,59.1,44.8,7.9,31,1.7,15.9,20.2
265,263,Tunghai University,32.4,Taichung City,Taiwan,72.8,13.9,24.5,9.1,63,32.3,39.8,41.9,56.9,25,24.1
266,266,Karaganda State Technical University,32.1,Karaganda,Kazakhstan,1,3.6,36.5,98.3,10.9,1.5,60.5,31.2,2.5,29.2,32.1
267,267,The Catholic University of Korea,31.8,Gyeonggi,South Korea,26.5,34.4,17.7,99.8,79.3,9.1,59.6,38.3,38.4,11.4,13.6
268,268,Saveetha Institute of Medical And Technical Sciences (SIMATS),31.7,Tiruvallur,India,5.3,48.4,21.6,37.4,9.1,87,23.4,87.2,20.7,98.6,13.7
269,269,China University of Political Science and Law,31.6,Beijing,China,3.5,2.4,11.1,15.8,95.5,4.1,5.1,99.7,39.1,11.2,81.6
270,269,University of Karachi,31.6,Karachi,Pakistan,12.1,16.9,39.7,2.6,2.3,54.9,1.6,1,1.1,10.6,52.6
271,271,NJSC KIMEP University,31.3,Almaty,Kazakhstan,49.7,12.8,22.4,20.1,7.3,1.5,56.5,53.5,26.3,95.8,48.8
272,271,Panjab University,31.3,Chandigarh,India,35.1,43.1,28.7,15.6,76.8,44.4,6.9,1.1,1.9,null,30.7
273,273,O.P. Jindal Global University (JGU),31.2,Sonepat,India,9.6,7.1,35.6,74.1,6.5,6.5,3.1,36.1,4.4,45.8,38.7
274,273,Yangzhou University,31.2,Yangzhou,China,84.8,28,8.8,54.6,14.9,69.3,35.3,96.8,7.4,15.6,4.2
275,275,Indian Institute of Technology BHU Varanasi (IIT BHU Varanasi),30.9,Varanasi,India,44.9,95.8,22.7,7.7,99.9,32.6,1.9,6.7,1.1,2.5,23.3
276,275,Sookmyung Women's University,30.9,Seoul,South Korea,72.6,4.5,17.4,58.7,48.6,3,10.4,69.2,58.5,12,25
277,277,Aga Khan University,30.8,Karachi,Pakistan,16.1,21.1,18.2,100,1,49.1,4.6,1,1.1,2.3,33.2
278,277,Jiangnan University,30.8,Wuxi,China,71.3,59.4,17.5,28.5,11,67.1,5.9,19.3,3.4,4.5,18.3
279,277,University of Colombo,30.8,Colombo,Sri Lanka,16.4,9.7,44.1,4.7,8.1,23.1,3.1,1.1,1.3,1.5,56.1
280,280,Aligarh Muslim University,30.7,Aligarh,India,39.7,27.3,38.9,25.8,9.4,69.6,4.6,1,1.1,1,13.3
281,280,Siksha ‘O’ Anusandhan (Deemed to be University),30.7,Bhubaneswar,India,7.8,24.8,36.6,54.2,59.8,31,10.9,1,1.1,5.8,24.4
282,282,Daffodil International University,30.6,Dhaka,Bangladesh,18.5,12,34.9,7.6,1.1,27.9,14.6,16.4,11.9,15.4,59.2
283,283,Saken Seifullin Kazakh Agrotechnical University,30.4,Nur-Sultan,Kazakhstan,1.3,3.3,35.4,71.1,15,1.6,21.9,56.2,26.3,29.5,36.6
284,284,Beijing University of Chemical Technology,30.3,Beijing,China,99.8,38.5,17.9,43.4,1.1,55.6,7.1,12.4,2.8,6.8,7.9
285,284,Qingdao University,30.3,Qingdao,China,96.7,36.3,12.2,20.5,42.5,75.3,6.6,11.9,1.1,7.8,9.8
286,284,Telkom University,30.3,Bandung,Indonesia,1.3,10.9,33.6,34.1,1.6,8.5,26.3,60.2,72.5,70.3,43.5
287,287,Alagappa Univeristy,30.2,Karaikudi,India,74.3,51,13,43.5,93,55.6,1.9,2.2,2.3,null,4.1
288,288,Donghua University,30.1,Shanghai,China,94.1,41.1,15.3,43.1,12.4,44.7,16.3,62.1,19.5,5.7,6.3
289,288,Guru Nanak Dev University,30.1,Amritsar,India,64.4,36.8,15.2,92.1,3,36,2,1,1.1,null,17
290,290,D. Serikbayev East Kazakhstan Technical University,30,Ust-Kamenogorsk,Kazakhstan,1.3,3.1,41.2,85,1.1,1.5,12.5,6.9,1.3,39,31.9
291,290,Soonchunhyang University,30,Asan,South Korea,38.2,13.5,21,82.7,34.2,10.8,20.7,10.2,55.7,16.9,23.7
292,290,University of Isfahan,30,Isfahan,Iran,38.7,36.8,20.6,3.9,100,75.9,4.9,1.2,1.1,null,21
293,293,Institute of Business Administration (IBA),29.9,Karachi,Pakistan,57.4,17.7,18.6,3.7,null,5.6,null,1,1.1,null,79.4
294,294,Amrita Vishwa Vidyapeetham,29.8,Amritapuri,India,3.5,26.7,22,51.3,11.8,59.7,6.3,27.3,94.5,63.3,21.4
295,294,Jahangirnagar University,29.8,Dhaka,Bangladesh,38.2,15.7,34.4,7.8,null,41.7,null,1.2,1,null,45.4
296,296,National Chinyi University of Technology,29.5,Taichung City,Taiwan,25.8,15.9,31.9,12.9,52.1,11.5,29.8,3.4,17.2,5.1,46.7
297,296,Sungshin Women's University,29.5,Seoul,South Korea,9.1,2.1,21.4,93,18.6,2.5,22.5,85.5,44.6,7.7,33.9
298,298,Northwest University (China),29.2,Xi'an,China,64.5,27.4,16.1,69.5,17.5,49.7,13.3,47.9,6.1,10.6,5.3
299,299,Ocean University of China,29.1,Qingdao,China,48.1,60.5,20.8,13.9,33,76.4,6.5,27.3,2.8,8.5,12.4
300,300,Huazhong Agricultural University,29,Wuhan,China,91.5,52.2,16.7,12.1,61,45.6,6.6,11.5,1.5,11.7,9.3
